OMA ID,Gene,Species,Baseline MG94xREV,Baseline MG94xREV omega ratio,Corrected P-value,Full adaptive model,Full adaptive model (non-synonymous subs/site),Full adaptive model (synonymous subs/site),LRT,Nucleotide GTR,Rate Classes,Uncorrected P-value,Number of Sites,omega1,proportion1,omega2,proportion2,omega3,proportion3
OG10227,ITGB6,aipysurusLaevis,0.02475040715799776,0.7647635604016044,0,0.2247379157008706,0.2205311987781148,0.004206716922755787,79.3033655468762,0.02469573988543439,2,0,793,0.6821217629671491,0.9821146618158505,1234.811012810064,0.0178853381841495,NA,NA
OG10232,EZH2,aipysurusLaevis,0.07002846308484988,0.7022229290150738,0,1.131513801161341,1.125121079852532,0.006392721308809484,183.4770810215332,0.06998544347291401,2,0,760,0.1372506535244792,0.911341699841229,718.0061840945788,0.08865830015877096,NA,NA
OG10363,PRDM1,aipysurusLaevis,0.03193535113924895,0.6381441517402979,0,55.13625652918829,55.13060177384878,0.005654755339515168,111.5317317779973,0.03186561039840495,2,0,796,0.07042071531840863,0.963847364766998,100000,0.03615263523300205,NA,NA
OG10564,SMURF2,aipysurusLaevis,0.01137069824283855,0.4537780593323378,4.425925625994864e-9,0.04188210686513988,0.0366523608331479,0.005229746031991983,38.99595462892557,0.0113604881595197,2,1.106481406498716e-9,752,0.0238837879433429,0.9924430710771804,370.1234218940217,0.007556928922819561,NA,NA
OG10765,PPIG,aipysurusLaevis,0.05787868604445565,0.6951188592685541,0,0.5306283675561158,0.5237899252938872,0.006838442262228541,148.1336240221226,0.05775265958452632,2,0,789,0.1116632259481833,0.9308035349111001,390.4732703589149,0.06919646508889987,NA,NA
OG10900,GSN,aipysurusLaevis,0.02500660233385183,0.3331750166006267,4.081565307956225e-9,0.1878962756832217,0.1770867305448426,0.01080954513837911,39.15764962066896,0.02458369737163792,2,1.020391326989056e-9,753,0.135459454698393,0.9839466944955314,403.7472516419483,0.0160533055044686,NA,NA
OG10932,COLEC12,aipysurusLaevis,0.05462186046311059,0.5147795870288283,0,149.6265602055977,149.6166484744813,0.00991173111639347,170.597382470396,0.05352287523134194,2,0,865,0.1457333544772151,0.9458300986412725,100000,0.05416990135872746,NA,NA
OG11091,KIF3B,aipysurusLaevis,0.029250310002255,0.2365554121843794,3.219646771412954e-14,74.01702776152348,74.00549635921223,0.01153140231123183,62.63501558063763,0.02916191603168707,2,8.049116928532385e-15,748,0,0.9752981049510279,100000,0.02470189504897213,NA,NA
OG11390,AK7,aipysurusLaevis,0.02151221266890065,0.5726655079987366,8.33266788902165e-12,0.2479474652968611,0.241920709041394,0.00602675625546719,51.52674892640789,0.02133349731959517,3,2.083166972255412e-12,733,0,0.03988245305237777,0.3527662801763466,0.9423381812348981,943.3569920232142,0.01777936571272414
OG11457,MAPK6,aipysurusLaevis,0.02173182055176026,0.4084611147224059,4.440892098500626e-16,0.2460527784925943,0.2383512808770525,0.007701497615541811,71.31684756937193,0.02160088585892978,2,1.110223024625157e-16,720,0.1381761807676148,0.9866436327901867,975.6525403795783,0.01335636720981326,NA,NA
OG11507,POU2F1,aipysurusLaevis,0.07546645027131914,0.6684774881084847,0,130.0751647439746,130.0693905911068,0.00577415286773139,168.2523473176452,0.07476424254565671,2,0,759,0.367218735521002,0.9151871141295396,100000,0.08481288587046043,NA,NA
OG11509,TRIL,aipysurusLaevis,0.01876443130537612,0.6376872715372153,7.524203482489611e-12,0.07089594463210484,0.06550465120394579,0.005391293428159053,51.73055476573973,0.01882190352473434,3,1.881050870622403e-12,1085,0.3397895427841301,0.9707579429127565,0.3678618463777561,0.0167957300617633,381.0772954424223,0.01244632702548018
OG11612,SEC14L1,aipysurusLaevis,0.01553515746901711,0.5071445324668752,6.031264598860275e-9,14.71401931857342,14.70781769564089,0.006201622932540538,38.37817365842693,0.01557544424621299,2,1.507816149715069e-9,715,0.1843664755920562,0.9898836551095379,100000,0.01011634489046209,NA,NA
OG11641,PRMT7,aipysurusLaevis,0.07338246081518955,0.7114637177030534,0,198.3781672416675,198.3669511876004,0.01121605406717608,160.5935752953956,0.07260020701909574,2,0,726,0.2511294233480607,0.9254070397396873,100000,0.0745929602603127,NA,NA
OG11856,ATG7,aipysurusLaevis,0.02956830320054694,0.5555353419725977,0,42.99732501144638,42.99269425060812,0.004630760838262281,97.24964161740627,0.02921745908995121,2,0,714,0.1561649474901723,0.9664788496906034,100000,0.03352115030939662,NA,NA
OG11980,BBS7,aipysurusLaevis,0.03070927251631519,0.5836612810530818,0,0.1081718752495405,0.1009651654074285,0.007206709842112019,80.71696930034977,0.03049098307150179,2,0,717,0,0.9635099412464844,141.6197256163225,0.03649005875351563,NA,NA
OG12156,USP49,aipysurusLaevis,0.01070851111900567,0.1493280696856432,3.257800496037078e-8,9.873509180215676,9.868714487078298,0.004794693137376338,35.0117042094007,0.01061470405108424,2,8.144501240092694e-9,695,0,0.9925394358314286,100000,0.007460564168571437,NA,NA
OG12363,ARID5A,aipysurusLaevis,0.04766349791318611,0.7287139161698137,0,0.427540188170585,0.4175198329433474,0.01002035522723767,141.1462292487695,0.04767432494040243,2,0,725,0.1736185045572227,0.953684808487292,365.8825683721934,0.04631519151270802,NA,NA
OG12536,RAD17,aipysurusLaevis,0.007673095233225837,0.3712472412280196,1.00870404122988e-4,2.557649723963102,2.554244236961172,0.003405487001929114,18.98831160720238,0.007487629880498487,2,2.521760103074699e-5,691,0.2491151797499611,0.9967469911042723,100000,0.00325300889572766,NA,NA
OG13413,FASTKD2,aipysurusLaevis,0.1530261710046544,0.5347253203693085,0,598.1367117382722,598.1212996322242,0.01541210604789043,200.7040454797225,0.1500812727858914,2,0,673,0.2574550213683694,0.8454815183237205,100000,0.1545184816762795,NA,NA
OG13672,GRN,aipysurusLaevis,0.07401448174557185,0.6942494088471861,0,18.33983203352057,18.32792004292454,0.01191199059603081,120.1974468956332,0.07339923782169877,2,0,646,0.2801623380640377,0.9272147764985239,9090.000000003736,0.07278522350147609,NA,NA
OG13786,MAK,aipysurusLaevis,0.03505670639094723,0.6037116034741528,0,0.2787276454251599,0.2711515088531999,0.00757613657196003,93.70385243482724,0.03475965559804364,2,0,651,0.1544600823374374,0.9688826024433815,407.583685787234,0.03111739755661846,NA,NA
OG14083,KLHL22,aipysurusLaevis,0.0326366062721756,0.394764273486376,6.053602064071129e-12,0.1241873662025682,0.1120075762649282,0.01217978993763999,52.16500663500574,0.03196572539381038,2,1.513400516017782e-12,638,0.0758026142125115,0.9735616296610334,146.8604296957933,0.02643837033896657,NA,NA
OG14150,DARS2,aipysurusLaevis,0.01646940820889159,0.437893975656101,8.465525536127672e-7,15.25937352480562,15.25508864399303,0.00428488081258791,28.51296237480165,0.01634585730271746,2,2.116381384031918e-7,643,0.3183403424630901,0.9868826876254885,100000,0.01311731237451152,NA,NA
OG14227,CCNK,aipysurusLaevis,0.08469781795139693,0.656723031875658,0,256.6418091147567,256.6319625788036,0.009846535953053773,152.7017337966627,0.0831902733096386,2,0,638,0.1609172599572745,0.9044967293600621,100000,0.09550327063993791,NA,NA
OG14369,ACTR8,aipysurusLaevis,0.02036347753537121,0.3901984026236607,4.440892098500626e-16,0.2573903020655066,0.2524915500257887,0.004898752039717876,71.32230331483697,0.02006696551569823,2,1.110223024625157e-16,749,0.04967678778886132,0.9794231614251313,817.6805128328646,0.02057683857486869,NA,NA
OG14384,ARNTL,aipysurusLaevis,0.1252712432484978,0.4780192902385103,0,570.27430990485,570.261294136448,0.0130157684019734,238.9077966174873,0.1222059218584657,2,0,709,0.01598882167923573,0.8618285907299985,100000,0.1381714092700015,NA,NA
OG14585,CRY2,aipysurusLaevis,0.02442854995260234,0.6337936332375431,9.908218689957948e-10,23.38772523301839,23.3813618181167,0.006363414901692518,41.9840253838247,0.02407149748189281,2,2.477054672489487e-10,589,0.4011577912556575,0.9851240756116563,100000,0.01487592438834373,NA,NA
OG14593,CLPX,aipysurusLaevis,0.03135484420690596,0.5558981213822176,0,0.4009977383226895,0.3941349443323194,0.006862793990369953,114.2816140965342,0.0313378389670406,2,0,653,0.1396865945149932,0.9712433884641666,799.7746814428903,0.02875661153583342,NA,NA
OG15031,ASH2L,aipysurusLaevis,0.008856356756044662,0.4082589345817517,3.663862699010423e-6,0.01490118047497301,0.01057284398461725,0.004328336490355753,25.59187498090159,0.008945518199784258,2,9.159656747526057e-7,618,0.003723687782580339,0.9920897370715673,106.6884863808528,0.007910262928432665,NA,NA
OG15503,NCOA4,aipysurusLaevis,0.06066619747457239,0.8392727646231884,0,1.126455086780677,1.117627011878981,0.008828074901695812,177.2767171100204,0.06039330937874619,2,0,612,0.2801926290132397,0.9379921965722593,923.3925267512817,0.0620078034277407,NA,NA
OG15563,LMOD2,aipysurusLaevis,0.01982882012034468,0.3029855532637745,2.793372755327539e-8,24.37783988801225,24.37095318164342,0.006886706368823496,35.31864330168264,0.01954933557807442,2,6.983431888318847e-9,736,0.1810435676433674,0.9886887069785993,100000,0.01131129302140066,NA,NA
OG1557,LCOR,aipysurusLaevis,0.01384871494307247,0.5013832173231647,9.82128600668375e-10,0.05884542606494868,0.05325016015965869,0.005595265905289989,42.00162052736414,0.01387545855282073,2,2.455321501670937e-10,1814,0.3366340791999708,0.9944552765418787,666.2861929891751,0.005544723458121292,NA,NA
OG15640,FIP1L1,aipysurusLaevis,0.0104540089943032,0.1906850220010924,5.259266568025112e-5,9.704210698998795,9.698546935765073,0.005663763233721282,20.28459754982759,0.01027378858159165,2,1.314816642006278e-5,609,0.03529980575815535,0.9942018720458231,100000,0.00579812795417689,NA,NA
OG15793,LMNB1,aipysurusLaevis,0.04807996050823996,0.4877133453292233,0,1.063763831733149,1.055536070354159,0.008227761378990426,95.26554916470195,0.04736854395100933,2,0,591,0.1108477955072245,0.9488657937343085,932.3117507149033,0.05113420626569154,NA,NA
OG16387,RGS14,aipysurusLaevis,0.0080716742664647,0.1525553714383703,5.639891663962171e-4,2.666601668720292,2.661313391775584,0.00528827694470831,15.56551537476298,0.007845522235809255,2,1.409972915990543e-4,594,0.05328148747034599,0.9977916267858006,100000,0.002208373214199422,NA,NA
OG16594,TTLL2,aipysurusLaevis,0.01461009057774648,0.5718821793414186,1.859630234513077e-5,10.23950872381062,10.23509356577587,0.004415158034746364,22.35490350615328,0.01465980009099108,3,4.649075586282692e-6,586,0.3222629732509842,0.9824478735646153,1,0.007392796092017598,100000,0.01015933034336713
OG16666,LARP7,aipysurusLaevis,0.02796913301043112,0.9336565890907456,0,0.2066878492821665,0.2016827066046652,0.005005142677501271,98.58695522879407,0.02799206636468198,2,0,590,0.2437070647352229,0.9733166399970526,533.6526890657783,0.02668336000294735,NA,NA
OG17096,DEAF1,aipysurusLaevis,0.009919100680014784,0.7770449092974897,6.653669628433612e-4,2.699048278136799,2.69778078182789,0.001267496308908248,15.23708555267331,0.009910429254779442,2,1.663417407108403e-4,586,1,0.9909763882755489,100000,0.009023611724451097,NA,NA
OG17132,YTHDF1,aipysurusLaevis,0.01472962047930819,0.3615344886242394,3.610800246944823e-4,0.0374332226639123,0.02980096907916422,0.007632253584748077,16.45179914269193,0.0145052512883579,2,9.027000617362058e-5,566,0.1097327553162346,0.9919878708972124,175.5662849588196,0.00801212910278759,NA,NA
OG17739,MTMR9,aipysurusLaevis,0.01822508990290367,0.3237761460101209,5.041700390506776e-10,0.5082164537617383,0.5008708256894174,0.00734562807232092,43.33303268284999,0.01795084951539239,2,1.260425097626694e-10,555,0.06087314325091631,0.9865015135076383,2031.681078922612,0.01349848649236174,NA,NA
OG17786,LRRC47,aipysurusLaevis,0.017249912905987638,0.3570802972908467,2.705501197741711e-6,0.04143202324846861,0.03429405189690969,0.007137971351558925,26.19633719665671,0.01764511050678762,2,6.763752994354277e-7,588,0.1697217247840538,0.989840025279467,148.6685083707414,0.01015997472053298,NA,NA
OG18006,REL,aipysurusLaevis,0.01741267720516465,0.524971373091984,7.979586932416183e-5,0.03831365590498358,0.03243040177985464,0.005883254125128943,19.45473439847228,0.01723506441161615,2,1.994896733104046e-5,598,0.145504483788539,0.982313380824286,102.6065388161236,0.01768661917571401,NA,NA
OG18122,TYSND1,aipysurusLaevis,0.03989454303998608,0.8280221973384153,4.996003610813204e-14,58.47440215165083,58.46541611352498,0.008986038125851149,61.75035761901108,0.0399166778050066,2,1.249000902703301e-14,570,0.4706763298278129,0.9713400194992781,100000,0.02865998050072194,NA,NA
OG18172,TRMT61B,aipysurusLaevis,0.0250369114219777,1.184274716768339,0,0.256685556060854,0.2547081718224879,0.001977384238366089,114.1604034907477,0.02519265776586083,2,0,563,0.8442593557165324,0.9756024201623584,1964.273618976723,0.02439757983764157,NA,NA
OG18230,CCDC120,aipysurusLaevis,0.02009288511108906,0.3222966272204759,4.243511986246062e-9,0.1599831053018402,0.1513583214735636,0.008624783828276642,39.07997352234543,0.02011639383720346,2,1.060877996561516e-9,558,0.07253135777311995,0.9871353209529079,566.9083930983273,0.0128646790470921,NA,NA
OG18282,LPCAT2,aipysurusLaevis,0.05630069383720345,0.6406261713536072,0,111.4945666149031,111.4859881713678,0.008578443535260227,117.6686482012556,0.05591843627036324,2,0,578,0.2149370432611605,0.9465853283289265,100000,0.0534146716710735,NA,NA
OG18342,PGS1,aipysurusLaevis,0.0188288700056696,0.8093977458261018,8.605965939878502e-9,13.95868714549875,13.95466530610456,0.004021839394189868,37.66855662465878,0.01876552646633094,2,2.151491484969625e-9,561,0.4147033104711013,0.9852975477915263,100000,0.01470245220847366,NA,NA
OG18513,GATB,aipysurusLaevis,0.02801549703592957,0.4762888454158061,1.670330540548548e-11,0.1809030509350575,0.1721809568651822,0.008722094069875279,50.13770405093055,0.02774441402293443,2,4.17582635137137e-12,550,0.1178178684066095,0.9745203581341161,305.5020894446006,0.02547964186588392,NA,NA
OG18665,CPNE3,aipysurusLaevis,0.0121887953487723,0.3153770702451012,8.512214622058423e-8,8.719375409324641,8.71397281955665,0.005402589767992572,33.09515436994116,0.01207968667589734,2,2.128053655514606e-8,543,0.09547172938919637,0.9931742439643595,100000,0.006825756035640507,NA,NA
OG18681,DBR1,aipysurusLaevis,0.04779955480958761,0.5142071675871527,0,0.5967487447566328,0.5850225723464118,0.01172617241022125,99.4717157114519,0.04737901791692161,2,0,550,0.07362637674929323,0.9516043787475565,423.3620328198409,0.04839562125244345,NA,NA
OG19031,CCT5,aipysurusLaevis,0.01255142856846579,1.204525541822651,1.366563334648241e-5,0.1300426178031356,0.1276219201027924,0.002420697700343203,22.96862762491037,0.01236746914127402,2,3.416408336620602e-6,541,0.5781126836224441,0.9905450071647095,2031.681078922612,0.009454992835290499,NA,NA
OG1930,DIP2B,aipysurusLaevis,0.05695951331878806,0.5035980348954984,0,158.4408963056014,158.4307421949525,0.01015411064893748,412.0327508760456,0.056604471125557027,2,0,1581,0.02334090591257498,0.9402053456173359,100000,0.05979465438266407,NA,NA
OG19338,SOX9,aipysurusLaevis,0.01280982818151523,0.2305460511313838,2.203440246373312e-5,13.36399633448249,13.35663677695722,0.007359557525264866,22.0169975422541,0.01226383210036829,2,5.508600615933279e-6,523,0,0.9914815986510767,100000,0.008518401348923343,NA,NA
OG19562,PSPC1,aipysurusLaevis,0.01997485896858328,0.4149802080144512,1.214583988939921e-13,0.1507487651745471,0.1436860798833847,0.007062685291162373,59.9745947385245,0.01975365772611158,2,3.036459972349803e-14,526,0,0.9837872018468915,559.9224390845385,0.0162127981531085,NA,NA
OG19592,APCDD1,aipysurusLaevis,0.03597672285889059,0.391413618628173,1.77635683940025e-15,60.49754931150592,60.49227135648827,0.005277955017658116,68.6100190797224,0.03520369983446751,2,4.440892098500626e-16,513,0.09553664284361679,0.9614953501600105,100000,0.03850464983998947,NA,NA
OG19957,KPNA2,aipysurusLaevis,0.009468713107152612,0.1528221425838682,4.402614786069847e-7,7.018389562408008,7.012923607117745,0.005465955290261431,29.81690402092045,0.009364770965344356,2,1.100653696517462e-7,536,0,0.9957441797515885,100000,0.004255820248411535,NA,NA
OG20074,CAMKK2,aipysurusLaevis,0.05579048933228226,0.5224333803930082,0,162.4117886153435,162.3993522783955,0.01243633694802,98.36131575940908,0.05536119369830143,2,0,563,0.03753383984399672,0.9452177807413071,100000,0.05478221925869287,NA,NA
OG20083,LYN,aipysurusLaevis,0.02059133967428991,0.7560063874329485,0,0.2588525266837958,0.2564430568452962,0.002409469838499505,82.56130480506818,0.02046105815028814,2,0,513,0,0.9734452509461039,1557.916259883883,0.0265547490538961,NA,NA
OG20105,JPH1,aipysurusLaevis,0.01329404515140605,0.3900620061997586,3.538655368728882e-9,8.773431229541593,8.768026974694761,0.005404254846831679,39.44258763937614,0.01324679710631204,2,8.846638421822206e-10,522,0.07631018939127682,0.9917797761395899,100000,0.008220223860410103,NA,NA
OG20380,RABEP2,aipysurusLaevis,0.03376824118288176,0.5553983556228127,0,0.6964864852932329,0.6904748058917392,0.006011679401493807,96.94650311031091,0.03391079012700388,2,0,618,0.2166171682931268,0.9701611735426172,1557.790538871989,0.02983882645738278,NA,NA
OG20543,HARS1,aipysurusLaevis,0.01512550108388569,0.7259834007128598,1.035042629382588e-8,10.95094947829577,10.94807986384589,0.0028696144498803,37.30014393039164,0.01511735513907063,2,2.587606573456469e-9,512,0.2436200800092081,0.9843712972868327,100000,0.0156287027131673,NA,NA
OG20658,CYP11B,aipysurusLaevis,0.04589032588648733,0.7111020417449829,0,0.5689905294626579,0.5640830873907139,0.004907442071943905,99.1668054109341,0.04562271303863153,2,0,590,0.5097017694876828,0.9548051607044019,887.8404760571161,0.04519483929559809,NA,NA
OG2144,AATK,aipysurusLaevis,0.0155138237469122,0.4686105671053709,2.543612076522095e-8,9.305342552799562,9.299068150956408,0.006274401843152934,35.50557083755484,0.01551134221199389,2,6.359030191305237e-9,1514,0.3039364991253192,0.9933174579643682,100000,0.006682542035631789,NA,NA
OG21877,GATA2,aipysurusLaevis,0.09544152685197849,0.4540874243367013,0,1.058669930636472,1.03826037834209,0.02040955229438212,113.742212416063,0.09356432654730006,2,0,491,0.02674448175944615,0.9005592231494995,197.7493052934188,0.09944077685050046,NA,NA
OG21885,ETS1,aipysurusLaevis,0.01540711049367877,0.6051319114757016,1.563252390579528e-5,0.06424744611754671,0.05846511341244996,0.005782332705096736,22.70073982325266,0.01527607373974034,2,3.90813097644882e-6,485,0.1003307136205149,0.9873855705978378,314.4684599791245,0.01261442940216218,NA,NA
OG22022,UMPS,aipysurusLaevis,0.07816032090135637,0.9183773280850805,0,1.043589489412513,1.036017729875662,0.007571759536850535,176.82321871762,0.07797379220168578,2,0,551,0.3093175872825354,0.9185247208801969,662.9652346521848,0.08147527911980312,NA,NA
OG22156,LPL,aipysurusLaevis,0.0209422967926727,0.2907467998125347,4.621216962208408e-6,36.87960387678111,36.87272007548712,0.006883801294004517,25.12916927441529,0.02131115310255123,2,1.155304240552102e-6,491,0.09948556964783427,0.9796278185016909,100000,0.02037218149830911,NA,NA
OG22216,SLC2A1,aipysurusLaevis,0.0149580755018417,0.3844530853030821,5.651341740176008e-5,0.05132053972268501,0.04501794254851966,0.006302597174165344,20.14145657316567,0.01487416694511362,2,1.412835435044002e-5,490,0.08503670010686394,0.9864408647312951,205.536638438921,0.01355913526870489,NA,NA
OG22687,FGB,aipysurusLaevis,0.0241211326048531,0.6941548389823134,1.110223024625157e-15,25.01996963926354,25.01569872667594,0.004270912587590426,69.6105742604932,0.02398986072815497,2,2.775557561562891e-16,498,0.3248600575345031,0.9771435426529503,100000,0.02285645734704966,NA,NA
OG2269,UHRF1BP1,aipysurusLaevis,0.01736540940221291,0.5199448511547025,5.829397364820466e-8,13.05354323814157,13.04899433450183,0.004548903639740521,33.85057610691365,0.01720060161476692,2,1.457349341205116e-8,1474,0.4796004646133791,0.9890343688744683,100000,0.01096563112553173,NA,NA
OG23274,STK38,aipysurusLaevis,0.02755682668472625,0.4697197860598789,1.256028392404573e-9,0.195810201522227,0.1865180358051999,0.009292165717027073,41.51048303034077,0.0271425282536792,2,3.140070981011434e-10,531,0,0.9698973456647046,292.9749962703573,0.03010265433529535,NA,NA
OG23608,MECP2,aipysurusLaevis,0.01788006045627853,0.3380207978464016,5.267564162636518e-12,23.05382189121183,23.04748463673505,0.006337254476778195,52.44279724676562,0.01779589923822427,2,1.316891040659129e-12,517,0,0.9844242194070055,100000,0.01557578059299447,NA,NA
OG23687,TUBB6,aipysurusLaevis,0.02469556832634745,0.566313626957204,2.220446049250313e-16,23.91560231374524,23.91169218223193,0.003910131513312596,74.29397114754283,0.02449048180926846,2,5.551115123125783e-17,464,0.1041217420406442,0.9742026508883871,100000,0.02579734911161291,NA,NA
OG23821,HSPA13,aipysurusLaevis,0.04299386248353974,0.396546349580312,0,0.3384546436947592,0.3283554103385525,0.01009923335620664,83.45315221240799,0.04302310657469696,2,0,469,0.03981381057400115,0.9573717096468237,280.0053248695691,0.04262829035317628,NA,NA
OG23911,CHGA,aipysurusLaevis,0.06427393245897114,1.043654393879984,2.220446049250313e-16,0.4213246040043663,0.4133641961988919,0.00796040780547444,71.87081181942176,0.06381539356066054,2,5.551115123125783e-17,530,0.5987713113866913,0.9411282387132044,323.7875807728808,0.05887176128679561,NA,NA
OG24028,ASL,aipysurusLaevis,0.05586288994074903,0.7255393320502788,5.149214388211476e-13,0.6203991918899898,0.6118397811033534,0.008559410786636506,57.08812042361478,0.05555271857192057,2,1.287303597052869e-13,464,0.2438477251042095,0.9342060558128107,415.1638237648611,0.06579394418718931,NA,NA
OG24107,HNF4B,aipysurusLaevis,0.04891805976135439,0.408120650749403,0,116.3840156836455,116.3747065781507,0.009309105494827604,89.81063976140376,0.04823582792740281,2,0,480,0.01369364800520253,0.9464198160487389,100000,0.05358018395126107,NA,NA
OG24344,TMX3,aipysurusLaevis,0.03335753333612248,0.4638048450032676,3.996802888650564e-15,63.92532049405412,63.91749211009611,0.007828383958017706,66.8010432066676,0.03296864869491119,2,9.992007221626409e-16,456,0.1644663270525314,0.9697335766496508,100000,0.03026642335034924,NA,NA
OG24376,CIR1,aipysurusLaevis,0.02448073286002854,0.4932634898429148,3.453122296621647e-4,0.06348342026775085,0.05298429479541106,0.01049912547233979,16.54056262094218,0.02475275630141359,2,8.632805741554117e-5,453,0.2213783801586239,0.9832334589450772,117.493905417437,0.01676654105492281,NA,NA
OG24416,SQSTM1,aipysurusLaevis,0.08057042030363575,0.7155673535052928,0,1.242318286819851,1.233798494067316,0.008519792752534852,111.0288340296966,0.07944765921512113,2,0,471,0.2783525177100787,0.910251513787337,687.2702723153083,0.08974848621266296,NA,NA
OG250,COL12A1,aipysurusLaevis,0.02266142253669798,0.5147554834174295,0,27.36208071798903,27.35715186033396,0.004928857655071156,257.8495285904428,0.02258156281125057,2,0,3146,0.2066555204886847,0.9801884046798728,100000,0.01981159532012722,NA,NA
OG25197,RTN4RL1,aipysurusLaevis,0.032135982565594,0.2692750852794804,7.070204002479485e-6,85.43950353041433,85.42886407459146,0.01063945582288496,24.2816955010212,0.03201982825070441,2,1.767551000619871e-6,484,0.1847933145675079,0.986104902182654,100000,0.01389509781734599,NA,NA
OG25499,MAP2K7,aipysurusLaevis,0.02634799575714747,0.4199188276260279,1.166574170596846e-9,42.05696882409161,42.04713358329786,0.009835240793739458,41.65799667822967,0.02603040995226558,2,2.916435426492114e-10,438,0.1292255816251228,0.9827430622575468,100000,0.01725693774245318,NA,NA
OG25667,SYT1,aipysurusLaevis,0.03914380509075436,0.3785552149538431,4.440892098500626e-16,82.9957848198645,82.98359067037526,0.01219414948922934,70.72277141070299,0.03869380569893262,2,1.110223024625157e-16,450,0.03090342937228122,0.9674321881107135,100000,0.03256781188928648,NA,NA
OG25780,SMAP2,aipysurusLaevis,0.06806670599576108,0.4882878741223745,0,205.2036252266511,205.1925599092487,0.01106531740229848,109.0978915597734,0.0670030775890609,2,0,461,0,0.9246526789406523,100000,0.07534732105934772,NA,NA
OG26390,RAPSN,aipysurusLaevis,0.01201975236970052,0.5244716648310672,2.562059511213022e-7,5.758718235509865,5.754539051248928,0.004179184260936232,30.89680602492945,0.01198329872855229,2,6.405148778032554e-8,420,0.250141921007893,0.9939046617161555,100000,0.006095338283844454,NA,NA
OG26470,FOXA1,aipysurusLaevis,0.02945825171533463,0.4256064578911293,8.727041311828998e-11,0.5853347989592999,0.5783576301303793,0.006977168828920544,46.83545864803364,0.02964721675344504,2,2.18176032795725e-11,438,0.1227595098825056,0.9710435621629673,866.8982808853347,0.02895643783703272,NA,NA
OG26706,ARRDC1,aipysurusLaevis,0.03406645887353314,0.3771448646930493,7.885851937716737e-5,56.36198267393638,56.34783260755854,0.01415006637784532,19.47825281381938,0.03373568039818253,2,1.971462984429184e-5,424,0.2146856297448574,0.9847054924781825,100000,0.01529450752181749,NA,NA
OG26792,VRK1,aipysurusLaevis,0.02858500376624465,0.402383823312209,4.130029651605582e-14,0.9085804224200156,0.9010935846186043,0.007486837801411282,62.1215016162455,0.02825091215410681,2,1.032507412901396e-14,423,0,0.9707593778786751,1556.771930778498,0.02924062212132494,NA,NA
OG2715,ATAD2,aipysurusLaevis,0.01038691118437575,0.1223365807882888,3.69760040845879e-4,4.737482127375474,4.730224278087417,0.007257849288056989,16.40457745858475,0.01009023555886547,3,9.244001021146975e-5,1380,0.06265538973294785,0.002919642843273024,0.06767870536489105,0.9946015227561171,100000,0.002478834400609847
OG27277,ACY1,aipysurusLaevis,0.0635800733276104,0.7798628535560763,0,101.4681980644967,101.4631614773892,0.005036587107574131,118.9457322163953,0.06346470155428695,3,0,433,0.26081358678336,0.7324955607900502,0.6564784801247698,0.1943876478464426,100000,0.07311679136350721
OG27770,P2RX4,aipysurusLaevis,0.02558969964518477,0.8398655018522284,1.088549690386742e-7,0.1322575902542879,0.127852264785185,0.00440532546910285,32.6044661578062,0.02540995410856849,2,2.721374225966855e-8,423,0.4389878242536874,0.9747951797210453,393.9748817685714,0.02520482027895465,NA,NA
OG28092,NDRG1,aipysurusLaevis,0.01181430551853242,0.6249436495853073,3.696034491063038e-5,0.1439877527572856,0.1406180010089418,0.003369751748343745,20.98690093945243,0.01163028145786135,2,9.240086227657596e-6,402,0.09640096402112086,0.9892199477477447,1557.760163482013,0.01078005225225531,NA,NA
OG29019,MAT1A,aipysurusLaevis,0.01808755362712572,0.8675231242014639,2.003995531740799e-7,14.51231355636107,14.50848416834491,0.003829388016163954,31.3868847094368,0.01812643743693591,2,5.009988829351997e-8,397,0.1632590832467254,0.9804050750023268,100000,0.01959492499767324,NA,NA
OG29914,IDH3G,aipysurusLaevis,0.01690544871754802,0.3895709643267056,3.342302697939559e-6,0.08921050222758017,0.08356252876328815,0.005647973464292041,25.77497853171053,0.01680629478217871,2,8.355756744848897e-7,388,0,0.9795075303870576,260.1948231422561,0.02049246961294238,NA,NA
OG30311,NPRL2,aipysurusLaevis,0.1114573205382458,0.620027492751519,0,490.8427595364813,490.8242010735269,0.01855846295448417,129.9023993671562,0.1102658403751462,2,0,419,0.1339980321954815,0.8943287827956882,100000,0.1056712172043118,NA,NA
OG30961,C1GALT1,aipysurusLaevis,0.02902944843090312,0.9915215304268005,2.220446049250313e-16,0.2094768587260445,0.205327209237891,0.004149649488153471,72.6452690445858,0.02892118878296945,2,5.551115123125783e-17,369,0.06348795098551457,0.9643342889047654,546.709487986533,0.03566571109523464,NA,NA
OG30972,B4GALT2,aipysurusLaevis,0.02376743924847496,0.3021255138796427,1.457874765975475e-5,0.2839142495723538,0.2706090310444149,0.01330521852793885,22.83976980598527,0.02351801950897816,2,3.644686914938688e-6,371,0.05577972808872966,0.9889835912957506,862.721306838954,0.01101640870424936,NA,NA
OG31608,CXCR5,aipysurusLaevis,0.04948467160455284,0.5432362943220568,0,126.7437582870608,126.7368821623836,0.006876124677227294,88.29095796538331,0.04947668080552687,2,0,552,0.1604408124833132,0.945001423484353,100000,0.05499857651564699,NA,NA
OG31788,TALDO1,aipysurusLaevis,0.02701437610611139,0.3298784099005727,5.270657216005503e-6,49.23525905745445,49.22423817872767,0.01102087872679051,24.86708476818012,0.02677619236586406,2,1.317664304001376e-6,344,0.1491298230302229,0.983045926969342,100000,0.01695407303065799,NA,NA
OG31810,NSUN3,aipysurusLaevis,0.02730757259515024,0.6784513958873805,5.557858306914909e-8,0.1209962141071507,0.1149201553281173,0.00607605877903337,33.94576037940715,0.02712454132236842,2,1.389464576728727e-8,367,0.4591501200033055,0.980528014609646,362.2027114784357,0.019471985390354,NA,NA
OG31832,PANK3,aipysurusLaevis,0.0306144996140962,0.3904357832684578,0,38.30488058520317,38.30041049636855,0.004470088834619237,104.0291210819078,0.03057535933422219,2,0,387,0,0.9690484647365277,100000,0.03095153526347227,NA,NA
OG31877,TBXA2R,aipysurusLaevis,0.06609554696047713,0.4778666411981207,0,1.569731987322204,1.558073667573652,0.0116583197485513,84.75031805428353,0.06552758816410091,2,0,365,0.09119344836807816,0.9324593556313383,697.1315661833605,0.0675406443686617,NA,NA
OG32061,PTGER3,aipysurusLaevis,0.05193554878173945,0.7738339783836056,0,96.11995657901886,96.11334729357208,0.006609285446788214,97.17710371894873,0.05141371605392363,2,0,378,0.01987691113429816,0.9391896746586099,100000,0.06081032534139008,NA,NA
OG32209,SLC39A13,aipysurusLaevis,0.1002370284114157,0.5328117307236652,0,501.3001122800025,501.2798634996753,0.02024878032719629,88.90067870719577,0.09881620799254134,2,0,409,0.1079933448811694,0.9006855311324461,100000,0.0993144688675539,NA,NA
OG32380,SDS,aipysurusLaevis,0.03528419542044166,0.8570448378342824,1.110223024625157e-15,34.76442463006704,34.76002952415769,0.004395105909354744,69.73514462344156,0.03531105497075637,2,2.775557561562891e-16,377,0.45775134414222,0.9692888850032594,100000,0.03071111499674062,NA,NA
OG3255,PITPNM1,aipysurusLaevis,0.02167594526938775,0.7037699449860627,0,29.74816513106723,29.74290529811653,0.005259832950713116,120.7622958383745,0.0205241186890333,2,0,1278,0.1519921589281018,0.9766626449435751,100000,0.02333735505642487,NA,NA
OG32713,PLEK,aipysurusLaevis,0.05076202547830361,1.200895941468801,2.220446049250313e-16,0.5294365940172032,0.5240279105828947,0.005408683434308698,74.47171466986583,0.05062547077758856,2,5.551115123125783e-17,357,0.1555482176224609,0.9385133902898948,709.7344791239079,0.06148660971010522,NA,NA
OG33001,GYG1,aipysurusLaevis,0.01634765155786493,0.2140425962050958,5.319759148336711e-4,0.1188029347149854,0.1116614524178076,0.007141482297177849,15.68163351927888,0.01596940774415045,2,1.329939787084178e-4,337,0,0.9858174419644907,414.5157453936087,0.01418255803550927,NA,NA
OG33520,HOGA1,aipysurusLaevis,0.03687453036838572,0.4019185954625895,1.150169826047431e-6,0.1692250654118034,0.1555465262767888,0.01367853913501459,27.90177541190769,0.03699909823634594,2,2.875424565118578e-7,353,0.1401853312413618,0.9723750176482738,159.806622913093,0.02762498235172617,NA,NA
OG3353,STAG1,aipysurusLaevis,0.07134705223966213,0.4577194116791753,0,212.5877894389601,212.5773243297824,0.01046510917761452,268.7051505350955,0.07006245628749468,2,0,1263,0.05068020100681561,0.9218906331218893,100000,0.07810936687811065,NA,NA
OG33615,FAM110C,aipysurusLaevis,0.008503336352249825,0.8617075892544326,4.319466948852213e-4,0.03779671336693983,0.03588993877187656,0.001906774595063271,16.09559082674514,0.00856863109024845,2,1.079866737213053e-4,381,0.5244409141555892,0.9926724284881139,1055.298946177711,0.007327571511886122,NA,NA
OG33842,ATF4,aipysurusLaevis,0.06880586032569556,0.8253542861257112,2.220446049250313e-16,1.569074186131189,1.56367028810933,0.005403898021858571,73.21435745771169,0.06834986822838411,2,5.551115123125783e-17,353,0.7324749010281615,0.9285814616739331,1516.191076217466,0.07141853832606693,NA,NA
OG33928,MAFB,aipysurusLaevis,0.04692259331316754,0.3493653857953373,1.19000365117472e-11,198.4250587300328,198.412194853702,0.0128638763309346,50.8149482097856,0.04588481144828335,2,2.975009127936801e-12,352,0.08113355589837938,0.9633493185187738,100000,0.03665068148122619,NA,NA
OG33930,TMEM115,aipysurusLaevis,0.03501257014695396,0.4792573898173783,7.105427357601002e-15,0.7310330613111923,0.7251680382459995,0.005865023065192846,65.66361205642806,0.03477388991134717,2,1.77635683940025e-15,353,0.1883240033573914,0.9650715433292464,1557.372317191053,0.03492845667075362,NA,NA
OG34258,GALM,aipysurusLaevis,0.08958370200203593,0.8526072371953087,0,1.563640125825593,1.553263342691348,0.01037678313424569,126.222650445935,0.08932174372061441,2,0,349,0.04669214696709535,0.9004250668496928,601.316036567118,0.09957493315030719,NA,NA
OG34275,DND1,aipysurusLaevis,0.01714737094297137,0.6408723162252488,4.610887227585181e-10,12.8100570198113,12.80602157949684,0.004035440314463476,43.51139041670831,0.0170001451594895,2,1.152721806896295e-10,395,0.1696292569710082,0.9862865405679219,100000,0.01371345943207813,NA,NA
OG34606,PEX16,aipysurusLaevis,0.175870797891617,0.9735506909277336,0,2.778426313428015,2.767342329623232,0.01108398380478266,191.9320512560998,0.1734439880935812,2,0,352,0,0.7982068247136898,527.6239224538107,0.2017931752863102,NA,NA
OG35044,HOXD10,aipysurusLaevis,0.02734188414305406,0.5360867183686668,2.066430537794872e-8,36.1199415107788,36.11585993719656,0.00408157358224915,35.92021510250015,0.02693629827899555,2,5.16607634448718e-9,373,0.2392283960594963,0.9698368554735777,100000,0.03016314452642233,NA,NA
OG35469,ALAD,aipysurusLaevis,0.09147232496329342,0.6071052655122178,0,414.6343409318356,414.6182601145543,0.01608081728130731,76.05551537201518,0.0914309093081716,2,0,343,0.1776473814894446,0.9136280322525667,100000,0.08637196774743328,NA,NA
OG35976,SLC25A33,aipysurusLaevis,0.06264698682629104,0.2535474383733259,4.55596249615553e-9,12.37915219667812,12.3565165378696,0.02263565880852077,38.9381487255132,0.06170970556979213,2,1.138990624038883e-9,337,0.08609343989093424,0.9551520233710438,3846.856469436375,0.04484797662895623,NA,NA
OG36326,ICMT,aipysurusLaevis,0.02825782123087202,0.4206121971830576,3.506133363639918e-7,0.2478620570904689,0.2386946938160553,0.009167363274413582,30.27104847620012,0.02812706614352288,2,8.765333409099796e-8,347,0,0.9664239789464041,241.6051511602114,0.03357602105359592,NA,NA
OG36358,KAZALD1,aipysurusLaevis,0.01974827852743202,0.2894000302359728,6.606181121011634e-4,22.087564406743,22.07794905655989,0.009615350183099329,15.25131550111928,0.01951286547126404,2,1.651545280252908e-4,318,0.1078632279064626,0.9896915516110143,100000,0.0103084483889857,NA,NA
OG36491,PIM3,aipysurusLaevis,0.05339946125663423,0.4726705633727947,0,151.5094701078547,151.4980620311523,0.01140807670247857,90.09850781609885,0.05337824057277602,2,0,351,0,0.9472930181560055,100000,0.05270698184399447,NA,NA
OG3726,VCPIP1,aipysurusLaevis,0.01230233687291834,0.2159641110982789,1.725812848185626e-8,0.115697731837087,0.1100482659061707,0.005649465930916307,36.27971220804284,0.0122262231028653,2,4.314532120464065e-9,1209,0.06651498190218648,0.991005976917289,776.9221372180489,0.008994023082711022,NA,NA
OG37351,AUH,aipysurusLaevis,0.1317275545452643,0.4579793001915368,0,3.071125436011569,3.054285283154075,0.01684015285749421,87.82274964825683,0.1315976388483767,2,0,350,0.1011668476708777,0.8573908435013473,391.9802969069617,0.1426091564986527,NA,NA
OG3751,ATP2B1,aipysurusLaevis,0.01160092384759186,0.4105333251983435,0,8.878551925481151,8.875513672017924,0.003038253463228985,84.9064023860301,0.01146569928890329,2,0,1219,0.03634590519026572,0.9890438373237637,100000,0.01095616267623634,NA,NA
OG37535,ASRGL1,aipysurusLaevis,0.01356445851713327,0.5072373521970979,1.604025598811454e-5,13.76723913560015,13.76395859198858,0.003280543611561614,22.64944708578787,0.01339387563963262,2,4.010063997028634e-6,320,0,0.9839662145872543,100000,0.01603378541274569,NA,NA
OG37923,SGTA,aipysurusLaevis,0.07200183533044967,0.5036299859991723,1.547049155448121e-10,316.3445533632648,316.3323735335938,0.01217982967092626,45.69213492028348,0.07065126518326072,2,3.867622888620303e-11,312,0.08958301320617938,0.9195934979812896,100000,0.08040650201871036,NA,NA
OG38061,HOXD13,aipysurusLaevis,0.0475188480971962,0.3888956219133852,1.773553748307677e-9,0.2778286139453747,0.2642600034869423,0.01356861045843242,40.8216214273798,0.04740223471200482,2,4.433884370769192e-10,322,0.04720323513571834,0.9557082545159418,139.5928617869934,0.04429174548405823,NA,NA
OG38167,PEX26,aipysurusLaevis,0.02213485217801869,0.6246398640544232,1.823696423874921e-5,0.1356142570230587,0.1292634109417329,0.00635084608132579,22.39377120310292,0.02168345812836605,3,4.559241059687302e-6,313,0.392282196253144,0.973878655790894,0.4740250419299922,0.011576305417537,628.6143315560275,0.01454503879156895
OG38310,PPT1,aipysurusLaevis,0.05500639241453713,0.5428261696263637,3.281819260791963e-13,139.5818249379265,139.5694519953933,0.01237294253325716,57.98831336028934,0.05457243065475616,2,8.204548151979907e-14,303,0.1870019172349541,0.9557129760210008,100000,0.0442870239789992,NA,NA
OG38409,BPNT1,aipysurusLaevis,0.02385534062967625,0.4505358184814187,4.320666957546848e-8,33.04303690555039,33.03686041117348,0.006176494376912201,34.4482331494778,0.02379779226568298,2,1.080166739386712e-8,308,0.1634844011377487,0.9818667331298646,100000,0.01813326687013539,NA,NA
OG38417,BCCIP,aipysurusLaevis,0.1107403799345889,0.5628571972506082,0,0.8950176660480512,0.8825195095200113,0.01249815652803989,81.65070580744941,0.1091230351328266,2,0,416,0.190476496021176,0.8831548970503119,210.1781021397318,0.1168451029496881,NA,NA
OG3845,XPO5,aipysurusLaevis,0.02287862943691666,0.4710562982815186,0,0.2567777852569497,0.2490205461715674,0.007757239085382376,97.70952245574153,0.02276890030398849,2,0,1202,0.0598914606443401,0.9809699124546202,684.0531544482185,0.01903008754537983,NA,NA
OG38776,ERCC1,aipysurusLaevis,0.02517027962498731,0.5408076984355349,2.055497306774345e-4,0.2131707215195841,0.2051823342219804,0.00798838729760365,17.57210272816292,0.02575854098140348,2,5.138743266935863e-5,319,0.4159500748927121,0.9901852365700726,975.7595409083342,0.009814763429927376,NA,NA
OG38991,TST,aipysurusLaevis,0.1779766519620859,0.8584301117849366,0,465.3108885327006,465.3001584011203,0.01073013158033841,105.8985438250497,0.1774431677524776,2,0,308,0.6507319855352217,0.8072093776751644,100000,0.1927906223248356,NA,NA
OG39005,CRK,aipysurusLaevis,0.02228676029115929,0.2109996842707457,6.214325853903802e-7,47.11197444318873,47.10145514124669,0.010519301942043,29.12949095057684,0.02186847708591028,2,1.55358146347595e-7,301,0,0.983721879262856,100000,0.01627812073714396,NA,NA
OG39282,CNOT9,aipysurusLaevis,0.1211322781153201,0.536042446704064,0,497.2622641606623,497.2486805987963,0.01358356186608503,112.8593426658076,0.1200108729744083,2,0,332,0,0.8701294431658149,100000,0.1298705568341851,NA,NA
OG3936,PUM1,aipysurusLaevis,0.01266967375304409,0.4346558491601781,4.372853856793313e-9,9.797965436938377,9.792791985085916,0.005173451852458527,39.02003671495731,0.01261765197788446,2,1.093213464198328e-9,1190,0.1475427323291473,0.9914128295200597,100000,0.008587170479940287,NA,NA
OG39478,CDK2,aipysurusLaevis,0.02291438561994998,0.622791258036482,1.475363831104914e-9,0.2575241563933092,0.2513133162652149,0.006210840128094316,41.18913948069667,0.02289818328260507,2,3.688409577762286e-10,299,0,0.9761390574987571,675.694179003973,0.02386094250124293,NA,NA
OG39698,TMEM106A,aipysurusLaevis,0.0400907905788537,0.8136630441356272,2.80420353604427e-10,80.29010908922011,80.28215247546133,0.007956613758769406,44.50441608689789,0.04022701444033465,2,7.010508840110674e-11,303,0.6711833999804081,0.9560801413710385,100000,0.04391985862896153,NA,NA
OG40088,CRX,aipysurusLaevis,0.1047955836694044,0.4267763243033952,4.285460875053104e-14,641.0024920068828,640.9836886501421,0.0188033567406674,62.05363379490746,0.1010415681994118,2,1.071365218763276e-14,290,0.1016737253749878,0.9003528219056754,100000,0.09964717809432455,NA,NA
OG40509,SIX1A,aipysurusLaevis,0.1206751651778523,0.5305128033100412,0,1.416357430309941,1.398038280134323,0.01831915017561861,78.43468320023294,0.1153885395249217,2,0,288,0.006745825480647252,0.8819521738745586,185.5021217752605,0.1180478261254414,NA,NA
OG41380,TMBIM6,aipysurusLaevis,0.02331955301711548,1.028349016986008,5.752005933779003e-7,0.05034354663957276,0.04541651060635516,0.004927036033217598,29.28367570415367,0.01573598991040541,2,1.438001483444751e-7,319,0.3804949007530511,0.961313526166654,82.91642610570848,0.038686473833346,NA,NA
OG41875,CXXC5,aipysurusLaevis,0.02146819231941644,1.362413081731544,1.316280417995586e-12,0.4349174511937484,0.4327186948652245,0.002198756328523928,55.21290136397829,0.02233546246995559,2,3.290701044988964e-13,275,0.1541672063010384,0.9748724870443523,3846.735841888447,0.02512751295564775,NA,NA
OG4195,MN1,aipysurusLaevis,0.01216923820654486,0.1730357704868618,9.516904619921718e-8,0.09517459267982745,0.08865683558178834,0.006517757098039077,32.87254723050501,0.01200174977758115,2,2.379226154980429e-8,1221,0.0621322524058583,0.9938968771061766,725.154448656398,0.006103122893823421,NA,NA
OG42708,STX12,aipysurusLaevis,0.03115540971492435,0.5441054434285014,6.517009154549669e-13,0.3223221587925439,0.3197705118478478,0.002551646944696143,56.61720040713772,0.03075776115162149,2,1.629252288637417e-13,272,0,0.9617225863702906,1221.677269807748,0.03827741362970938,NA,NA
OG42877,RPA2,aipysurusLaevis,0.02916949853860994,0.3767789471308736,3.07764227764018e-4,0.0579821324610523,0.04600236447490669,0.0119797679861456,16.76942369297967,0.02874731163591416,2,7.69410569410045e-5,269,0,0.967427498534107,43.94738055521382,0.03257250146589297,NA,NA
OG44004,PSMB5,aipysurusLaevis,0.0344212579521526,0.6420795270934451,2.365210376442661e-7,55.23603701738089,55.22995563551214,0.006081381868737348,31.05628248213634,0.03429688277939511,2,5.913025941106653e-8,265,0,0.9579693437016876,100000,0.04203065629831237,NA,NA
OG4423,TSC1,aipysurusLaevis,0.02782272410081069,0.3963378218647401,0,49.11713315163926,49.10707170940217,0.0100614422370792,93.46296282189178,0.02806245277384567,2,0,1172,0.1544775821624184,0.979746821957606,100000,0.02025317804239402,NA,NA
OG45229,MYF6,aipysurusLaevis,0.05263708240266576,0.1824182542259377,1.0891327373308e-7,306.2069192752567,306.1930085383917,0.01391073686510529,32.60339778150046,0.04836167287352144,2,2.722831843327e-8,279,0.02112983003185645,0.9555597714108431,100000,0.04444022858915686,NA,NA
OG46159,RASL11B,aipysurusLaevis,0.07226175060903146,0.7795271051924545,0,95.62601415282148,95.62186144189693,0.004152710924545827,76.19080806609509,0.07171780610883485,2,0,253,0,0.906824272784817,100000,0.09317572721518297,NA,NA
OG46330,BDH2,aipysurusLaevis,0.05625726318490334,0.7112249800274519,0,82.79067358934161,82.78600920845881,0.004664380882790129,79.24443998374954,0.05571112892448471,2,0,245,0.09724379929364009,0.9320976513027799,100000,0.06790234869722012,NA,NA
OG464,ZFYVE26,aipysurusLaevis,0.01048122603129968,0.4453712660387243,6.954619191645861e-8,0.02516840514826002,0.02025778697801625,0.004910618170243771,33.49840269928973,0.01043338865421754,2,1.738654797911465e-8,2570,0.3035559161577343,0.9965012061247656,431.5335516594524,0.003498793875234441,NA,NA
OG46482,YWHAZ,aipysurusLaevis,0.006924635908445705,1.522252258561624,7.330036552977148e-5,0.3534016132641187,0.3532379232356783,1.636900284404367e-4,19.62372902254856,0.006743029678516217,2,1.832509138244287e-5,245,0,0.9874360917211462,100000,0.01256390827885379,NA,NA
OG46497,YWHAB,aipysurusLaevis,0.1387966685806378,0.6990009876750786,0,230.6386678881874,230.6334118024537,0.005256085733677441,92.72128449290676,0.137986098574913,2,0,251,0,0.8205813281239819,100000,0.1794186718760181,NA,NA
OG46922,ADIPOQ,aipysurusLaevis,0.0386900505453892,1.308586487287946,1.870503751888464e-12,23.43805515004728,23.43612551223222,0.001929637815054321,54.51125885611873,0.03872299975768706,2,4.676259379721159e-13,255,1,0.9553615464786007,100000,0.04463845352139928,NA,NA
OG47167,MARCKSL1,aipysurusLaevis,0.06678039869757092,1.375633596111606,2.220446049250313e-16,0.7471572008040528,0.7380729975458225,0.009084203258230308,72.07387447762585,0.06612102692435606,2,5.551115123125783e-17,253,0.5189775092444098,0.9370647256054018,648.4330756191775,0.06293527439459823,NA,NA
OG4814,PLCL2,aipysurusLaevis,0.02566397026342443,0.336812165344451,0,40.53542476607051,40.52608245521603,0.009342310854490252,118.4197223257743,0.02529665063158066,2,0,1101,0.08006538756115984,0.980837449860338,100000,0.01916255013966195,NA,NA
OG48199,RND2,aipysurusLaevis,0.07565898756317387,4.313961744290652,3.669220483004665e-11,0.1448946263953622,0.1448904889648418,4.137430520343217e-6,48.56591436171766,0.07507829603121638,2,9.173051207511662e-12,227,1,0.841375130795324,83858.82935005582,0.158624869204676,NA,NA
OG48859,MALSU1,aipysurusLaevis,0.04875090884021399,0.5794927316017977,1.75497394394597e-11,0.8038536090377761,0.7912889951757559,0.0125646138620202,50.03900158135639,0.04890827978520305,2,4.387434859864925e-12,233,0,0.9430038148365517,478.6017650051635,0.05699618516344829,NA,NA
OG48922,TMED10,aipysurusLaevis,0.1502549799120233,0.7933173161836474,0,313.3118770075667,313.3037758369752,0.008101170591546292,92.61554172046954,0.1498701703781646,2,0,241,0.2349210835380054,0.8250740373963263,100000,0.1749259626036737,NA,NA
OG48940,HAND2,aipysurusLaevis,0.05975901891253852,0.2954813203076193,4.525713137581988e-12,2.119220982262161,2.103641052673335,0.01557992958882601,52.74602027485935,0.05833807631102915,2,1.131428284395497e-12,226,0,0.9444006181404625,425.0601404597022,0.0555993818595375,NA,NA
OG49217,GCA,aipysurusLaevis,0.05393185568948616,0.9715642284924796,9.50262091237164e-12,0.5323581004019943,0.5254434474643994,0.006914652937594785,51.26431790555807,0.05332916507912208,2,2.37565522809291e-12,221,0.2537828187114694,0.939335190864925,462.5880774456358,0.06066480913507499,NA,NA
OG49592,PRDX6,aipysurusLaevis,0.0829864900133339,0.5188976403360528,5.223556920341821e-9,260.6124974402505,260.5999204754162,0.01257696483440993,38.66518146988801,0.08144388701903915,2,1.305889230085455e-9,227,0.1727025508280988,0.9122509773627246,100000,0.08774902263727535,NA,NA
OG4982,PLCL1,aipysurusLaevis,0.05820071656584072,0.511493035904482,0,114.8427882330018,114.8353675172143,0.007420715787546295,269.5580312511174,0.05792687781952405,2,0,1040,0.05934443233567063,0.9383393949164192,100000,0.06166060508358084,NA,NA
OG50636,GPX8,aipysurusLaevis,0.1110406867285578,1.37835080754642,0,0.8500116110943718,0.8397972354120731,0.01021437568229887,85.42262407587532,0.1113920398666739,2,0,212,0.1640271203984177,0.8694647724183443,277.0991648428079,0.1305352275816557,NA,NA
OG50677,OSTF1,aipysurusLaevis,0.02476473075297085,0.6243506549756433,3.17580330921885e-8,0.9437991038896358,0.9385551196146281,0.005243984275007657,35.06257660080996,0.02497602215176224,2,7.939508273047124e-9,214,0,0.9718540770121351,3846.450812454567,0.02814592298786489,NA,NA
OG51450,PSMB3,aipysurusLaevis,0.05297043154841891,0.526296071658301,2.220446049250313e-16,0.7149742078390694,0.7126901232688705,0.002284084570198904,73.06417775552154,0.05295099177968844,2,5.551115123125783e-17,205,0,0.9333905783230964,1601.134615659505,0.06660942167690365,NA,NA
OG51546,JOSD2,aipysurusLaevis,0.01716872956653293,1.556684396621674,6.570011872319981e-7,0.1416075530375978,0.1389112774373711,0.002696275600226804,29.01848745027564,0.01714586745140018,2,1.642502968079995e-7,188,0.2733834291703553,0.9847924060121258,1558.135934429533,0.01520759398787419,NA,NA
OG51783,UBL4A,aipysurusLaevis,0.1022465679519954,0.8099815685901736,0,185.3308209381636,185.320222602503,0.01059833566058889,91.37749639734511,0.1014540237729803,2,0,210,0.6748491095708727,0.9083342593316843,100000,0.09166574066831568,NA,NA
OG51784,ASF1A,aipysurusLaevis,0.10460138257121,0.6782969923252987,6.030428600922733e-9,0.2707543399011889,0.2512984176908397,0.01945592221034926,38.37845040108414,0.1029520795980342,2,1.507607150230683e-9,220,0.0134344859612716,0.8572096896854079,29.51779979290075,0.1427903103145921,NA,NA
OG52761,HIKESHI,aipysurusLaevis,0.08070988061406208,0.6588764292741232,2.276845378901271e-12,0.4668735198589379,0.4509335250194209,0.01593999483951712,54.11837505672247,0.0791819825663745,2,5.692113447253178e-13,227,0.007698792992240008,0.9070515712482617,131.6800209108538,0.09294842875173825,NA,NA
OG52869,CNTF,aipysurusLaevis,0.04622072127766094,0.4968332811394281,3.886237331940379e-9,69.19941831412243,69.19480547193106,0.004612842191370653,39.25554536663776,0.04549283194946981,2,9.715593329850947e-10,204,0,0.9387122427585757,100000,0.06128775724142432,NA,NA
OG52876,SRI,aipysurusLaevis,0.01290479656105924,1.431365413766907,1.656096248137118e-5,0.04358864790004841,0.04145193663060727,0.002136711269441148,22.58580661398287,0.0135676889432353,2,4.140240620342794e-6,195,0,0.9824248218291346,426.1894286650024,0.0175751781708654,NA,NA
OG5305,PHF20,aipysurusLaevis,0.02658103256625557,0.5736070369176098,0,0.1163809678355749,0.1097937863991493,0.006587181436425654,95.56905702136828,0.02645031986278502,2,0,1044,0.225562519288906,0.9767133263278238,242.4328842191374,0.02328667367217618,NA,NA
OG5404,DHX16,aipysurusLaevis,0.01290652468082954,0.4986013896374272,1.77635683940025e-15,0.07910924065835362,0.0744194109984901,0.004689829659863522,68.50321697827167,0.01301609352907144,2,4.440892098500626e-16,1050,0.09343391376399522,0.9897837792847947,671.6221205448172,0.01021622071520534,NA,NA
OG54155,RANGRF,aipysurusLaevis,0.05809245603238106,1.02144003985704,1.299797236509193e-7,0.2246313400032113,0.2144629917750869,0.01016834822812433,32.25060122214927,0.05873679313236868,2,3.249493091272981e-8,230,0.3974864362692367,0.9427900554404258,157.6144286189789,0.05720994455957418,NA,NA
OG54963,DUSP3,aipysurusLaevis,0.05681546551069577,1.088341550039686,3.378186619329426e-12,108.9296891507579,108.923319988883,0.006369161874901693,53.33017753981017,0.05674928457544795,2,8.445466548323566e-13,185,0,0.9392997903827823,100000,0.06070020961721767,NA,NA
OG55228,MRPL49,aipysurusLaevis,0.1734713186583041,0.5433917630983953,0,324.3554534240474,324.3482246933044,0.007228730743002227,91.28733963347577,0.1696168843796953,2,0,185,0.2367517320085349,0.8189789097448127,100000,0.1810210902551873,NA,NA
OG5574,RIPOR1,aipysurusLaevis,0.03450569797098939,0.3908684656455929,0,70.79911068456175,70.78834844826991,0.01076223629184634,93.11388676163551,0.03439364440104795,2,0,1017,0.1488393869245672,0.9736077204543108,100000,0.02639227954568923,NA,NA
OG56224,NDUFA8,aipysurusLaevis,0.04179127537259194,0.2692318546139253,8.855298919761001e-4,5.230894508202659,5.212685964889484,0.01820854331317533,14.66930372031038,0.04015987333195266,2,2.21382472994025e-4,255,0.113273460934741,0.9754121253134131,3846.117002955014,0.02458787468658685,NA,NA
OG5632,KIF5A,aipysurusLaevis,0.0138847777987286,0.5381508152680665,0,0.07723546779105,0.07380637053074612,0.00342909726030387,79.83873264203612,0.013948024040639,2,0,1042,0.05058950515011728,0.9863095076646524,594.7247444202911,0.01369049233534758,NA,NA
OG56595,TXNDC12,aipysurusLaevis,0.007747426194617361,1.740218434024942,6.067164349436993e-4,0.04585023273695246,0.04583806834326253,1.216439368994246e-5,15.42041693352098,0.007853122081943092,2,1.516791087359248e-4,171,2.510942258771793e-11,0.9872842954611728,100000,0.0127157045388272,NA,NA
OG58292,PTGES3,aipysurusLaevis,0.02371358239803898,0.4380252505532907,6.325741777157834e-4,3.750670129546305,3.750015054758937,6.550747873673196e-4,15.33749579155483,0.0235794173195484,2,1.581435444289458e-4,189,0,0.9616406800855709,100000,0.03835931991442909,NA,NA
OG60307,GSKIP,aipysurusLaevis,0.01712356263217781,1.596656330857136,1.504709360888867e-6,0.1145144781476742,0.1117705193821678,0.002743958765506411,27.36601641719972,0.01726268991124461,2,3.761773402222168e-7,164,0,0.9847416496922661,778.8338388840573,0.01525835030773393,NA,NA
OG6327,VPS54,aipysurusLaevis,0.01906019910004178,0.4360104101973296,0,0.08797339996295662,0.08262567318783591,0.005347726775120696,83.06143667067954,0.01906970001652445,2,0,979,0,0.979489225955047,286.4357304452848,0.02051077404495305,NA,NA
OG6456,KIF23,aipysurusLaevis,0.0297379076298442,0.555986645126886,0,42.26314654345261,42.25769743452496,0.005449108927644056,178.7087531572379,0.0297060822463565,2,0,988,0.09640711638771315,0.9703744602998334,100000,0.02962553970016657,NA,NA
OG66466,CBY1,aipysurusLaevis,0.07329833898446982,0.695059899210341,5.719869022868806e-12,167.2128325361256,167.2066881968326,0.0061443392929562074,52.27828510165978,0.07351222506281319,2,1.429967255717202e-12,126,0,0.9235950037052716,100000,0.07640499629472841,NA,NA
OG6694,ROR2,aipysurusLaevis,0.03173381501462281,0.4755116765848292,0,0.1641592055242225,0.1566717026374181,0.007487502886804456,127.0295960902331,0.03129532700369415,2,0,934,0,0.9630949861938782,197.0764344126346,0.03690501380612177,NA,NA
OG68293,CABP4,aipysurusLaevis,0.04523776431361314,0.6181297138764005,5.334700414749705e-8,0.8919136752151708,0.8844821251386913,0.00743155007647959,34.02753456369851,0.04492525033102068,2,1.333675103687426e-8,120,0,0.9457010862761481,823.2890915024635,0.05429891372385187,NA,NA
OG6854,RNF111,aipysurusLaevis,0.05656933384747806,0.394860175731207,0,0.444805581375313,0.4255873398252906,0.01921824155002242,111.1588343149142,0.05544160635242979,2,0,996,0.1026922716776854,0.955118007047863,179.4826938688187,0.04488199295213702,NA,NA
OG6901,MAP3K14,aipysurusLaevis,0.01324655706342018,1.001794792210644,3.828488217560988e-7,0.1968575986645976,0.1947271037247374,0.002130494939860077,30.095606394097562,0.01314994484304995,2,9.57122054390247e-8,936,0.8753052010901035,0.9906234653574466,3846.116963123066,0.009376534642553391,NA,NA
OG7180,HCN3,aipysurusLaevis,0.02660059353591008,0.293052869187427,4.520472884905757e-11,0.3971652196155756,0.3846763151738821,0.01248890444169357,48.14921453476018,0.02662269096888388,2,1.130118221226439e-11,969,0.07067090251246347,0.9823349239662852,653.8029169712024,0.01766507603371481,NA,NA
OG7268,IL6ST,aipysurusLaevis,0.01095667657253537,0.4206523873182043,1.216506861911881e-7,5.526846382713387,5.522013394239927,0.004832988473459576,32.38272843794039,0.01059789346153221,2,3.041267154779703e-8,909,0.24116889388766,0.9958633482143797,100000,0.004136651785620282,NA,NA
OG7277,RASIP1,aipysurusLaevis,0.03691830317874165,0.4590715599564533,0,8.032091703354817,8.019846376242723,0.01224532711209399,113.9387465966902,0.03652244315564732,2,0,932,0.04544521997134762,0.9676933867902018,9090.000000003736,0.03230661320979822,NA,NA
OG75002,HSPE1,aipysurusLaevis,0.0642408157963089,1.144131126187889,5.556358281766371e-5,0.7740224943187686,0.7626431878921627,0.01137930642660565,20.17520015433456,0.06441536612637183,2,1.389089570441593e-5,104,0.3140797154149307,0.9284313684173998,271.202772310206,0.07156863158260018,NA,NA
OG7715,MCM2,aipysurusLaevis,0.05433862449391084,0.7586992636420301,0,66.29927450574304,66.29537497333199,0.003899532411064778,288.3432837568962,0.05431809982138033,2,0,920,0.02751075508908501,0.9345155209248084,100000,0.06548447907519162,NA,NA
OG8124,RBBP8,aipysurusLaevis,0.03940201087585411,0.5963064647696185,0,0.4077971284474756,0.3993883719503429,0.008408756497132602,85.80198638640468,0.0394152693997864,2,0,873,0.2814165542692673,0.9656073387988666,495.5440840789923,0.03439266120113338,NA,NA
OG8475,PMS2,aipysurusLaevis,0.05813878539111169,0.6892773359920551,0,0.7154503532590926,0.701490785677391,0.01395956758170158,117.5335695178946,0.05777735384861477,2,0,853,0.2823333290032959,0.9551625910778503,463.4433623082553,0.04483740892214971,NA,NA
OG8622,TMEM63B,aipysurusLaevis,0.0707730490724724,0.3805813511563041,0,31.29636139544343,31.2769941284971,0.01936726694633747,132.1037285580824,0.06922982802744884,2,0,867,0.005067291072422766,0.9320427727813413,9090.000000003736,0.06795722721865871,NA,NA
OG8689,BICD2,aipysurusLaevis,0.02047758742022483,0.4795900334042741,0,0.129832027290914,0.1232704142368995,0.006561613054014519,89.35252775551271,0.02073700779989924,2,0,846,0.009740573702471262,0.9800080337171289,437.4205659523487,0.01999196628287114,NA,NA
OG8798,RASA2,aipysurusLaevis,0.0531952655741576,0.545889621376859,0,115.7600781499898,115.7524436337201,0.007634516269677523,194.5790059877509,0.0527562873534464,2,0,826,0.1310071425064269,0.9463652297399071,100000,0.05363477026009289,NA,NA
OG9142,IFT88,aipysurusLaevis,0.01100457832146153,0.567155978297549,2.191336667678456e-9,0.1970985271685436,0.1940115998588247,0.003086927309718998,40.39931848214746,0.01109712063825295,2,5.478341669196141e-10,831,0,0.9868468196724203,1830.981705874877,0.01315318032757973,NA,NA
OG9526,SEMA3F,aipysurusLaevis,0.0292297269788358,0.432292784963248,0,56.29268048110203,56.28263419494975,0.0100462861522816,104.254038227843,0.02897583316179318,2,0,829,0.01295423778064478,0.9757597342130468,100000,0.02424026578695315,NA,NA
OG9603,LIN54,aipysurusLaevis,0.03704811535370357,0.7499035115321864,1.589395282053374e-12,0.07274476551497096,0.06335306877748284,0.00939169673748811,54.83645133677328,0.03705414091080959,2,3.973488205133435e-13,802,0.05837368941978954,0.9485600781960409,52.49648135845892,0.05143992180395907,NA,NA
OG9710,EXO1,aipysurusLaevis,0.03571500457928609,0.38048089489620063,9.992007221626409e-15,0.2615478287602928,0.2492535763818899,0.01229425237840291,64.98396895085534,0.03507200424291187,2,2.498001805406602e-15,884,0.08795957354043273,0.9690948531934083,228.1253887648447,0.03090514680659173,NA,NA
OG9836,HSP90B1,aipysurusLaevis,0.009899094063643378,0.4740172089721778,3.661658623865804e-6,4.94179631762373,4.938350662126933,0.003445655496795983,25.5930744547004,0.009850510370982139,3,9.154146559664511e-7,794,0,0.002114162219211913,0.2777402147548018,0.9925664476106876,100000,0.005319390170100513
OG9838,TRPC4AP,aipysurusLaevis,0.03991089617011143,0.4529619663486467,0,82.30481110498853,82.2979341319106,0.006876973077932892,136.42827703081,0.03933025149030699,2,0,833,0.0616246335884114,0.9558638000047092,100000,0.04413619999529084,NA,NA
